Series,Year,Purchases
Milk and milk products excluding cheese,1974,29.2287077765
Cheese,1974,8.6940484463
Carcase meat,1974,44.4797838803
Non-carcase meat and meat products,1974,55.9154682906
Fish,1974,13.6523419474
Eggs,1974,11.4299766169
Fats,1974,14.5370652643
Sugar and preserves,1974,9.186113732
Fresh and processed potatoes,1974,13.9125608841
"Fresh and processed vegetables, excluding potatoes",1974,27.1235583074
Fresh and processed fruit,1974,21.010712478
Bread,1974,21.2793270153
Flour,1974,2.2969133315
"Cakes, buns and pastries",1974,12.2718385705
Biscuits and crispbreads,1974,11.7932652263
Other cereals and cereal products,1974,10.5958286748
Beverages,1974,11.9134487912
"Other food and drink (mineral water, baby food, soups, pickles, ice cream, salt, artificial sweeteners, spices, mayonnaise etc.)",1974,12.11604502
Soft drinks,1974,0
Confectionery,1974,0
Alcoholic drinks,1974,0
Milk and milk products excluding cheese,1975,37.239801699
Cheese,1975,10.3771221693
Carcase meat,1975,52.2597803869
Non-carcase meat and meat products,1975,65.1597792861
Fish,1975,15.945793103
Eggs,1975,11.4635538846
Fats,1975,18.0691243668
Sugar and preserves,1975,15.5540814502
Fresh and processed potatoes,1975,21.5608900391
"Fresh and processed vegetables, excluding potatoes",1975,32.7616878358
Fresh and processed fruit,1975,25.4031738548
Bread,1975,24.5423869706
Flour,1975,2.2714426111
"Cakes, buns and pastries",1975,14.1269619451
Biscuits and crispbreads,1975,14.939924388
Other cereals and cereal products,1975,13.3800484505
Beverages,1975,13.2886053511
"Other food and drink (mineral water, baby food, soups, pickles, ice cream, salt, artificial sweeteners, spices, mayonnaise etc.)",1975,15.0248579529
Soft drinks,1975,0
Confectionery,1975,0
Alcoholic drinks,1975,0
Milk and milk products excluding cheese,1976,49.0306907274
Cheese,1976,12.0510830482
Carcase meat,1976,58.879760945
Non-carcase meat and meat products,1976,75.8377100224
Fish,1976,18.3600737233
Eggs,1976,12.8516450045
Fats,1976,20.8434882587
Sugar and preserves,1976,14.7612454284
Fresh and processed potatoes,1976,32.4502783737
"Fresh and processed vegetables, excluding potatoes",1976,36.7922190676
Fresh and processed fruit,1976,27.8097453232
Bread,1976,26.9536623681
Flour,1976,2.5742797891
"Cakes, buns and pastries",1976,14.3749071021
Biscuits and crispbreads,1976,16.118992398
Other cereals and cereal products,1976,15.4315098795
Beverages,1976,16.5619985809
"Other food and drink (mineral water, baby food, soups, pickles, ice cream, salt, artificial sweeteners, spices, mayonnaise etc.)",1976,17.3974863899
Soft drinks,1976,0
Confectionery,1976,0
Alcoholic drinks,1976,0
Milk and milk products excluding cheese,1977,57.835677291
Cheese,1977,15.1219834898
Carcase meat,1977,69.653562635
Non-carcase meat and meat products,1977,90.9528223114
Fish,1977,20.5272758921
Eggs,1977,14.0770328945
Fats,1977,25.6406348082
Sugar and preserves,1977,15.6320952868
Fresh and processed potatoes,1977,26.8399019029
"Fresh and processed vegetables, excluding potatoes",1977,41.7485145187
Fresh and processed fruit,1977,33.9121660825
Bread,1977,32.0145771326
Flour,1977,3.6648313418
"Cakes, buns and pastries",1977,16.3626246158
Biscuits and crispbreads,1977,18.7969623153
Other cereals and cereal products,1977,18.1600918511
Beverages,1977,26.7621255163
"Other food and drink (mineral water, baby food, soups, pickles, ice cream, salt, artificial sweeteners, spices, mayonnaise etc.)",1977,19.5841853329
Soft drinks,1977,0
Confectionery,1977,0
Alcoholic drinks,1977,0
Milk and milk products excluding cheese,1978,65.5295432347
Cheese,1978,16.6221460331
Carcase meat,1978,80.3757355597
Non-carcase meat and meat products,1978,101.2629231868
Fish,1978,24.0315650541
Eggs,1978,14.1772907461
Fats,1978,27.9288897737
Sugar and preserves,1978,16.3146152108
Fresh and processed potatoes,1978,24.1507031914
"Fresh and processed vegetables, excluding potatoes",1978,43.3834459493
Fresh and processed fruit,1978,37.1828149355
Bread,1978,36.6076498412
Flour,1978,3.8590776109
"Cakes, buns and pastries",1978,17.9510095966
Biscuits and crispbreads,1978,20.9704318521
Other cereals and cereal products,1978,21.1654003897
Beverages,1978,29.0130891637
"Other food and drink (mineral water, baby food, soups, pickles, ice cream, salt, artificial sweeteners, spices, mayonnaise etc.)",1978,21.3168647178
Soft drinks,1978,0
Confectionery,1978,0
Alcoholic drinks,1978,0
Milk and milk products excluding cheese,1979,74.0164400582
Cheese,1979,20.1568855224
Carcase meat,1979,92.2133323312
Non-carcase meat and meat products,1979,117.090875483
Fish,1979,27.9473411057
Eggs,1979,16.2665329915
Fats,1979,31.1069625151
Sugar and preserves,1979,18.0228355389
Fresh and processed potatoes,1979,31.1136420658
"Fresh and processed vegetables, excluding potatoes",1979,51.6142045722
Fresh and processed fruit,1979,41.1427670065
Bread,1979,41.3337526341
Flour,1979,3.8651299713
"Cakes, buns and pastries",1979,21.093359594
Biscuits and crispbreads,1979,23.9701660048
Other cereals and cereal products,1979,24.8071726819
Beverages,1979,30.0004332279
"Other food and drink (mineral water, baby food, soups, pickles, ice cream, salt, artificial sweeteners, spices, mayonnaise etc.)",1979,24.3354504095
Soft drinks,1979,0
Confectionery,1979,0
Alcoholic drinks,1979,0
Milk and milk products excluding cheese,1980,83.7690097093
Cheese,1980,23.7890311212
Carcase meat,1980,104.835842036
Non-carcase meat and meat products,1980,129.9387597861
Fish,1980,32.3847899601
Eggs,1980,17.6111856271
Fats,1980,32.8756943343
Sugar and preserves,1980,19.5613683517
Fresh and processed potatoes,1980,32.5572670817
"Fresh and processed vegetables, excluding potatoes",1980,58.1857703027
Fresh and processed fruit,1980,48.4059543845
Bread,1980,47.696865564
Flour,1980,4.0549250148
"Cakes, buns and pastries",1980,23.1230764865
Biscuits and crispbreads,1980,26.9780315891
Other cereals and cereal products,1980,30.3090333947
Beverages,1980,31.5186530199
"Other food and drink (mineral water, baby food, soups, pickles, ice cream, salt, artificial sweeteners, spices, mayonnaise etc.)",1980,28.2300848128
Soft drinks,1980,0
Confectionery,1980,0
Alcoholic drinks,1980,0
Milk and milk products excluding cheese,1981,89.1501286768
Cheese,1981,26.0330034896
Carcase meat,1981,102.356372077
Non-carcase meat and meat products,1981,141.5252458148
Fish,1981,34.6417335399
Eggs,1981,18.6178957521
Fats,1981,33.2891594376
Sugar and preserves,1981,21.1587037484
Fresh and processed potatoes,1981,38.2218236756
"Fresh and processed vegetables, excluding potatoes",1981,62.1026267011
Fresh and processed fruit,1981,50.6635868946
Bread,1981,51.0957854113
Flour,1981,4.434200861
"Cakes, buns and pastries",1981,25.3846351162
Biscuits and crispbreads,1981,28.1756299438
Other cereals and cereal products,1981,33.9933019846
Beverages,1981,30.9246490775
"Other food and drink (mineral water, baby food, soups, pickles, ice cream, salt, artificial sweeteners, spices, mayonnaise etc.)",1981,31.6128291867
Soft drinks,1981,0
Confectionery,1981,0
Alcoholic drinks,1981,0
Milk and milk products excluding cheese,1982,94.8464590135
Cheese,1982,27.2540295999
Carcase meat,1982,108.9698739039
Non-carcase meat and meat products,1982,152.0021113901
Fish,1982,36.4703630666
Eggs,1982,18.5387561097
Fats,1982,33.6129284355
Sugar and preserves,1982,21.4497787235
Fresh and processed potatoes,1982,45.7357943392
"Fresh and processed vegetables, excluding potatoes",1982,63.6492389297
Fresh and processed fruit,1982,52.2833411017
Bread,1982,52.607174322
Flour,1982,4.2678493976
"Cakes, buns and pastries",1982,27.0646511498
Biscuits and crispbreads,1982,30.2168511187
Other cereals and cereal products,1982,36.4970809855
Beverages,1982,30.9138491381
"Other food and drink (mineral water, baby food, soups, pickles, ice cream, salt, artificial sweeteners, spices, mayonnaise etc.)",1982,33.484383552
Soft drinks,1982,0
Confectionery,1982,0
Alcoholic drinks,1982,0
Milk and milk products excluding cheese,1983,97.4156857609
Cheese,1983,29.5904544601
Carcase meat,1983,107.7655346581
Non-carcase meat and meat products,1983,159.7229643707
Fish,1983,40.9524670842
Eggs,1983,18.2927188702
Fats,1983,34.0227976955
Sugar and preserves,1983,22.5471574737
Fresh and processed potatoes,1983,47.9679535623
"Fresh and processed vegetables, excluding potatoes",1983,71.892836232
Fresh and processed fruit,1983,60.6469518492
Bread,1983,54.2203700413
Flour,1983,4.0597892297
"Cakes, buns and pastries",1983,27.9897670298
Biscuits and crispbreads,1983,30.6330779767
Other cereals and cereal products,1983,37.8823032436
Beverages,1983,36.8220796222
"Other food and drink (mineral water, baby food, soups, pickles, ice cream, salt, artificial sweeteners, spices, mayonnaise etc.)",1983,36.825037331
Soft drinks,1983,0
Confectionery,1983,0
Alcoholic drinks,1983,0
Milk and milk products excluding cheese,1984,100.0387631811
Cheese,1984,29.0854686696
Carcase meat,1984,104.3848966081
Non-carcase meat and meat products,1984,167.1704431305
Fish,1984,41.2435663114
Eggs,1984,19.2461102562
Fats,1984,35.5460156104
Sugar and preserves,1984,21.9437778392
Fresh and processed potatoes,1984,52.8160879556
"Fresh and processed vegetables, excluding potatoes",1984,75.072533172
Fresh and processed fruit,1984,61.6187313247
Bread,1984,55.9547791555
Flour,1984,3.5728138326
"Cakes, buns and pastries",1984,29.4702040103
Biscuits and crispbreads,1984,30.7129660831
Other cereals and cereal products,1984,42.4032935907
Beverages,1984,43.1437699388
"Other food and drink (mineral water, baby food, soups, pickles, ice cream, salt, artificial sweeteners, spices, mayonnaise etc.)",1984,38.7359316315
Soft drinks,1984,0
Confectionery,1984,0
Alcoholic drinks,1984,0
Milk and milk products excluding cheese,1985,102.7075863561
Cheese,1985,31.1914016038
Carcase meat,1985,110.2140921772
Non-carcase meat and meat products,1985,171.8750118052
Fish,1985,44.9764251611
Eggs,1985,19.3129921498
Fats,1985,36.9818158599
Sugar and preserves,1985,20.5816229274
Fresh and processed potatoes,1985,47.3573705839
"Fresh and processed vegetables, excluding potatoes",1985,81.5254885589
Fresh and processed fruit,1985,65.7632396823
Bread,1985,58.6880665371
Flour,1985,3.4607608321
"Cakes, buns and pastries",1985,30.6191158413
Biscuits and crispbreads,1985,31.8581731713
Other cereals and cereal products,1985,46.1330930299
Beverages,1985,46.8270486118
"Other food and drink (mineral water, baby food, soups, pickles, ice cream, salt, artificial sweeteners, spices, mayonnaise etc.)",1985,40.5159344146
Soft drinks,1985,0
Confectionery,1985,0
Alcoholic drinks,1985,0
Milk and milk products excluding cheese,1986,108.3812186041
Cheese,1986,33.7986773227
Carcase meat,1986,112.6815228509
Non-carcase meat and meat products,1986,182.3254977342
Fish,1986,50.9539197746
Eggs,1986,18.5315968697
Fats,1986,36.5510645586
Sugar and preserves,1986,20.7563417647
Fresh and processed potatoes,1986,54.2171247227
"Fresh and processed vegetables, excluding potatoes",1986,91.042737885
Fresh and processed fruit,1986,76.1831910754
Bread,1986,65.1135194044
Flour,1986,3.8830463098
"Cakes, buns and pastries",1986,32.5990621603
Biscuits and crispbreads,1986,34.3482248952
Other cereals and cereal products,1986,52.7608437001
Beverages,1986,49.5624226976
"Other food and drink (mineral water, baby food, soups, pickles, ice cream, salt, artificial sweeteners, spices, mayonnaise etc.)",1986,45.2036738091
Soft drinks,1986,0
Confectionery,1986,0
Alcoholic drinks,1986,0
Milk and milk products excluding cheese,1987,112.8636218912
Cheese,1987,34.0783587349
Carcase meat,1987,110.4436006305
Non-carcase meat and meat products,1987,194.4684597446
Fish,1987,54.1061798335
Eggs,1987,18.8314782448
Fats,1987,33.7331320805
Sugar and preserves,1987,20.5934316162
Fresh and processed potatoes,1987,62.7200472714
"Fresh and processed vegetables, excluding potatoes",1987,96.5403189245
Fresh and processed fruit,1987,80.7767077385
Bread,1987,66.5907096186
Flour,1987,3.9050154868
"Cakes, buns and pastries",1987,35.3721049427
Biscuits and crispbreads,1987,35.843474353
Other cereals and cereal products,1987,57.6911131221
Beverages,1987,47.9092013579
"Other food and drink (mineral water, baby food, soups, pickles, ice cream, salt, artificial sweeteners, spices, mayonnaise etc.)",1987,47.2437594115
Soft drinks,1987,0
Confectionery,1987,0
Alcoholic drinks,1987,0
Milk and milk products excluding cheese,1988,117.5214694086
Cheese,1988,38.0659924885
Carcase meat,1988,114.4922683804
Non-carcase meat and meat products,1988,202.6591830931
Fish,1988,58.6132941645
Eggs,1988,17.7075018732
Fats,1988,34.9755341152
Sugar and preserves,1988,20.9319876266
Fresh and processed potatoes,1988,61.4215669493
"Fresh and processed vegetables, excluding potatoes",1988,105.6451625168
Fresh and processed fruit,1988,88.2814603041
Bread,1988,70.9159705393
Flour,1988,3.8432695605
"Cakes, buns and pastries",1988,37.1245289382
Biscuits and crispbreads,1988,37.7163760322
Other cereals and cereal products,1988,63.7536268647
Beverages,1988,48.7269384401
"Other food and drink (mineral water, baby food, soups, pickles, ice cream, salt, artificial sweeteners, spices, mayonnaise etc.)",1988,50.693524707
Soft drinks,1988,0
Confectionery,1988,0
Alcoholic drinks,1988,0
Milk and milk products excluding cheese,1989,126.5379264724
Cheese,1989,39.8825482815
Carcase meat,1989,122.4623076527
Non-carcase meat and meat products,1989,224.4986273574
Fish,1989,64.1774550987
Eggs,1989,16.2548759364
Fats,1989,36.5690877529
Sugar and preserves,1989,20.8187537715
Fresh and processed potatoes,1989,66.5466983332
"Fresh and processed vegetables, excluding potatoes",1989,111.887144657
Fresh and processed fruit,1989,93.8463145424
Bread,1989,73.0893408146
Flour,1989,3.8135520165
"Cakes, buns and pastries",1989,38.6627092435
Biscuits and crispbreads,1989,39.9401331846
Other cereals and cereal products,1989,72.2996407097
Beverages,1989,49.7002196131
"Other food and drink (mineral water, baby food, soups, pickles, ice cream, salt, artificial sweeteners, spices, mayonnaise etc.)",1989,56.322284132
Soft drinks,1989,0
Confectionery,1989,0
Alcoholic drinks,1989,0
Milk and milk products excluding cheese,1990,133.6093774541
Cheese,1990,41.308935885
Carcase meat,1990,115.5267959363
Non-carcase meat and meat products,1990,244.4838641159
Fish,1990,67.7842744983
Eggs,1990,17.8643698889
Fats,1990,36.658505454
Sugar and preserves,1990,21.2655147641
Fresh and processed potatoes,1990,73.9801084323
"Fresh and processed vegetables, excluding potatoes",1990,120.7174280094
Fresh and processed fruit,1990,104.91383781
Bread,1990,73.9463771607
Flour,1990,3.7157610456
"Cakes, buns and pastries",1990,42.2267433014
Biscuits and crispbreads,1990,42.4321882165
Other cereals and cereal products,1990,80.3267466747
Beverages,1990,49.8764710288
"Other food and drink (mineral water, baby food, soups, pickles, ice cream, salt, artificial sweeteners, spices, mayonnaise etc.)",1990,60.5124103179
Soft drinks,1990,0
Confectionery,1990,0
Alcoholic drinks,1990,0
Milk and milk products excluding cheese,1991,141.1436957373
Cheese,1991,43.3169225228
Carcase meat,1991,117.8711472199
Non-carcase meat and meat products,1991,244.0859099523
Fish,1991,67.6094741324
Eggs,1991,18.4301411331
Fats,1991,37.0353566491
Sugar and preserves,1991,22.9965950467
Fresh and processed potatoes,1991,74.9648044013
"Fresh and processed vegetables, excluding potatoes",1991,130.8631652228
Fresh and processed fruit,1991,116.7313471865
Bread,1991,74.022421486
Flour,1991,3.7107852906
"Cakes, buns and pastries",1991,43.6298953963
Biscuits and crispbreads,1991,43.6497389416
Other cereals and cereal products,1991,91.6567484188
Beverages,1991,53.21801124
"Other food and drink (mineral water, baby food, soups, pickles, ice cream, salt, artificial sweeteners, spices, mayonnaise etc.)",1991,69.4400993824
Soft drinks,1991,0
Confectionery,1991,0
Alcoholic drinks,1991,0
Milk and milk products excluding cheese,1992,151.5986125348
Cheese,1992,45.9305202079
Carcase meat,1992,107.5996634972
Non-carcase meat and meat products,1992,259.5124086225
Fish,1992,69.5007003487
Eggs,1992,17.1892185478
Fats,1992,38.4945498456
Sugar and preserves,1992,21.4237832672
Fresh and processed potatoes,1992,82.3718657686
"Fresh and processed vegetables, excluding potatoes",1992,130.3733539961
Fresh and processed fruit,1992,112.8808208357
Bread,1992,75.9134208278
Flour,1992,3.9155988946
"Cakes, buns and pastries",1992,45.1053315529
Biscuits and crispbreads,1992,45.5750833348
Other cereals and cereal products,1992,100.1672241004
Beverages,1992,50.4530875442
"Other food and drink (mineral water, baby food, soups, pickles, ice cream, salt, artificial sweeteners, spices, mayonnaise etc.)",1992,75.3648843291
Soft drinks,1992,47.285744038
Confectionery,1992,55.9036098663
Alcoholic drinks,1992,151.0045260554
Milk and milk products excluding cheese,1993,153.5458305106
Cheese,1993,47.6591383677
Carcase meat,1993,110.6191389592
Non-carcase meat and meat products,1993,284.480910817
Fish,1993,73.6328392931
Eggs,1993,16.2294887079
Fats,1993,37.6162952745
Sugar and preserves,1993,21.5196622335
Fresh and processed potatoes,1993,84.7753205973
"Fresh and processed vegetables, excluding potatoes",1993,132.0851838763
Fresh and processed fruit,1993,110.8684199702
Bread,1993,75.6361381101
Flour,1993,3.7918123014
"Cakes, buns and pastries",1993,47.2649509564
Biscuits and crispbreads,1993,46.3730100278
Other cereals and cereal products,1993,97.160829992
Beverages,1993,48.7824692341
"Other food and drink (mineral water, baby food, soups, pickles, ice cream, salt, artificial sweeteners, spices, mayonnaise etc.)",1993,76.017806233
Soft drinks,1993,49.3024685843
Confectionery,1993,59.5671421094
Alcoholic drinks,1993,158.0297901554
Milk and milk products excluding cheese,1994,149.6091275622
Cheese,1994,46.7652194511
Carcase meat,1994,104.5077774461
Non-carcase meat and meat products,1994,285.205516218
Fish,1994,73.0646040471
Eggs,1994,15.8754859871
Fats,1994,37.042480013
Sugar and preserves,1994,20.3172505698
Fresh and processed potatoes,1994,92.0487511726
"Fresh and processed vegetables, excluding potatoes",1994,133.0577321869
Fresh and processed fruit,1994,112.3832081458
Bread,1994,74.9509751675
Flour,1994,2.7151009564
"Cakes, buns and pastries",1994,50.098584755
Biscuits and crispbreads,1994,45.2537237962
Other cereals and cereal products,1994,98.2326979757
Beverages,1994,50.0842250257
"Other food and drink (mineral water, baby food, soups, pickles, ice cream, salt, artificial sweeteners, spices, mayonnaise etc.)",1994,77.5429559137
Soft drinks,1994,47.837856513
Confectionery,1994,59.7740251442
Alcoholic drinks,1994,152.4365460904
Milk and milk products excluding cheese,1995,150.4072187071
Cheese,1995,48.8353227538
Carcase meat,1995,100.6084133027
Non-carcase meat and meat products,1995,301.3112086534
Fish,1995,75.0233473595
Eggs,1995,15.9329095561
Fats,1995,37.4707302905
Sugar and preserves,1995,20.0810590904
Fresh and processed potatoes,1995,110.2493931816
"Fresh and processed vegetables, excluding potatoes",1995,142.3158650661
Fresh and processed fruit,1995,117.6213354251
Bread,1995,75.7831295501
Flour,1995,2.4373940533
"Cakes, buns and pastries",1995,51.3597271459
Biscuits and crispbreads,1995,45.6667452755
Other cereals and cereal products,1995,118.445459409
Beverages,1995,51.2091068005
"Other food and drink (mineral water, baby food, soups, pickles, ice cream, salt, artificial sweeteners, spices, mayonnaise etc.)",1995,82.444897095
Soft drinks,1995,53.6207464009
Confectionery,1995,63.1978015039
Alcoholic drinks,1995,179.5789504817
Milk and milk products excluding cheese,1996,147.9614716275
Cheese,1996,53.2595770132
Carcase meat,1996,103.9966417007
Non-carcase meat and meat products,1996,320.663627182
Fish,1996,78.4401369509
Eggs,1996,16.9014331069
Fats,1996,40.6595809085
Sugar and preserves,1996,22.7403758057
Fresh and processed potatoes,1996,110.3731548686
"Fresh and processed vegetables, excluding potatoes",1996,148.9803180379
Fresh and processed fruit,1996,124.6326578576
Bread,1996,78.8304000952
Flour,1996,2.8078695792
"Cakes, buns and pastries",1996,56.2442535726
Biscuits and crispbreads,1996,53.0287307679
Other cereals and cereal products,1996,124.956279914
Beverages,1996,53.3407235454
"Other food and drink (mineral water, baby food, soups, pickles, ice cream, salt, artificial sweeteners, spices, mayonnaise etc.)",1996,87.5184861215
Soft drinks,1996,56.0104384973
Confectionery,1996,69.7485755277
Alcoholic drinks,1996,187.2922401212
Milk and milk products excluding cheese,1997,147.585821587
Cheese,1997,54.5160513997
Carcase meat,1997,104.7904242345
Non-carcase meat and meat products,1997,328.8485619608
Fish,1997,77.1647661169
Eggs,1997,16.2410065219
Fats,1997,38.4360229506
Sugar and preserves,1997,21.2153679093
Fresh and processed potatoes,1997,99.9277381936
"Fresh and processed vegetables, excluding potatoes",1997,152.2763337557
Fresh and processed fruit,1997,133.7862492448
Bread,1997,78.8527554318
Flour,1997,2.2405745473
"Cakes, buns and pastries",1997,58.828779993
Biscuits and crispbreads,1997,51.1258281596
Other cereals and cereal products,1997,130.0417721301
Beverages,1997,51.1064187254
"Other food and drink (mineral water, baby food, soups, pickles, ice cream, salt, artificial sweeteners, spices, mayonnaise etc.)",1997,94.2205593942
Soft drinks,1997,57.2134922171
Confectionery,1997,71.7624154172
Alcoholic drinks,1997,193.3720050421
Milk and milk products excluding cheese,1998,143.7639873488
Cheese,1998,51.0890999135
Carcase meat,1998,99.5066466061
Non-carcase meat and meat products,1998,331.6077318413
Fish,1998,79.3324137402
Eggs,1998,15.541383745
Fats,1998,36.8837906769
Sugar and preserves,1998,19.4363469136
Fresh and processed potatoes,1998,110.9177766697
"Fresh and processed vegetables, excluding potatoes",1998,155.1280160938
Fresh and processed fruit,1998,139.7393874971
Bread,1998,80.2086056318
Flour,1998,2.2591661653
"Cakes, buns and pastries",1998,57.2741299045
Biscuits and crispbreads,1998,49.9054119444
Other cereals and cereal products,1998,129.615301015
Beverages,1998,55.7232488317
"Other food and drink (mineral water, baby food, soups, pickles, ice cream, salt, artificial sweeteners, spices, mayonnaise etc.)",1998,95.5331462762
Soft drinks,1998,56.7079757355
Confectionery,1998,70.694266063
Alcoholic drinks,1998,211.4947669701
Milk and milk products excluding cheese,1999,141.2757319149
Cheese,1999,51.7234215272
Carcase meat,1999,98.463050502
Non-carcase meat and meat products,1999,327.0064071827
Fish,1999,82.5131829256
Eggs,1999,15.612539842
Fats,1999,35.5392912497
Sugar and preserves,1999,16.994004239
Fresh and processed potatoes,1999,112.6632746822
"Fresh and processed vegetables, excluding potatoes",1999,161.6636834872
Fresh and processed fruit,1999,142.7144549872
Bread,1999,79.5013018394
Flour,1999,2.4600884592
"Cakes, buns and pastries",1999,56.8076020626
Biscuits and crispbreads,1999,48.8097122864
Other cereals and cereal products,1999,135.5405051471
Beverages,1999,49.3189589084
"Other food and drink (mineral water, baby food, soups, pickles, ice cream, salt, artificial sweeteners, spices, mayonnaise etc.)",1999,96.3183482729
Soft drinks,1999,60.588595602
Confectionery,1999,66.7567982682
Alcoholic drinks,1999,207.9500551785
Milk and milk products excluding cheese,2000,146.3594768715
Cheese,2000,53.9093571208
Carcase meat,2000,105.5552875311
Non-carcase meat and meat products,2000,338.0098652591
Fish,2000,81.0994262119
Eggs,2000,16.2020465997
Fats,2000,36.7050939
Sugar and preserves,2000,16.1956926426
Fresh and processed potatoes,2000,104.9431633766
"Fresh and processed vegetables, excluding potatoes",2000,159.7985663904
Fresh and processed fruit,2000,146.0450900216
Bread,2000,80.8365317448
Flour,2000,2.8996556664
"Cakes, buns and pastries",2000,58.5717475499
Biscuits and crispbreads,2000,52.0135201323
Other cereals and cereal products,2000,141.7036825593
Beverages,2000,49.5288860951
"Other food and drink (mineral water, baby food, soups, pickles, ice cream, salt, artificial sweeteners, spices, mayonnaise etc.)",2000,105.221037539
Soft drinks,2000,64.9463927222
Confectionery,2000,83.7589794615
Alcoholic drinks,2000,238.9424255691
Milk and milk products excluding cheese,2001,143.9394546772
Cheese,2001,56.8057303042
Carcase meat,2001,103.3969710641
Non-carcase meat and meat products,2001,354.9350209642
Fish,2001,92.7222370649
Eggs,2001,16.6558947137
Fats,2001,36.3371696676
Sugar and preserves,2001,15.4791277893
Fresh and processed potatoes,2001,103.9524314952
"Fresh and processed vegetables, excluding potatoes",2001,167.0374668662
Fresh and processed fruit,2001,149.5242667604
Bread,2001,86.2361416137
Flour,2001,2.3545500155
"Cakes, buns and pastries",2001,54.059553421
Biscuits and crispbreads,2001,48.9105005638
Other cereals and cereal products,2001,165.9251364415
Beverages,2001,43.8160189601
"Other food and drink (mineral water, baby food, soups, pickles, ice cream, salt, artificial sweeteners, spices, mayonnaise etc.)",2001,113.1719145361
Soft drinks,2001,72.0352831097
Confectionery,2001,80.7796463818
Alcoholic drinks,2001,244.1789894033
Milk and milk products excluding cheese,2002,147.2706534216
Cheese,2002,57.9443328832
Carcase meat,2002,106.2863614114
Non-carcase meat and meat products,2002,364.0757124657
Fish,2002,92.8299885327
Eggs,2002,17.2438308665
Fats,2002,36.7496489464
Sugar and preserves,2002,16.117170607
Fresh and processed potatoes,2002,98.6278033316
"Fresh and processed vegetables, excluding potatoes",2002,170.268716535
Fresh and processed fruit,2002,159.3049262463
Bread,2002,88.3041606986
Flour,2002,2.7542834278
"Cakes, buns and pastries",2002,56.5813061422
Biscuits and crispbreads,2002,53.8307866712
Other cereals and cereal products,2002,164.9024258912
Beverages,2002,42.1944023068
"Other food and drink (mineral water, baby food, soups, pickles, ice cream, salt, artificial sweeteners, spices, mayonnaise etc.)",2002,116.2415232774
Soft drinks,2002,73.9566408013
Confectionery,2002,76.6298634592
Alcoholic drinks,2002,248.7969304539
Milk and milk products excluding cheese,2003,153.6690928507
Cheese,2003,58.5731872365
Carcase meat,2003,110.7602160691
Non-carcase meat and meat products,2003,382.0816561927
Fish,2003,93.9478054398
Eggs,2003,17.8865356344
Fats,2003,35.7927194253
Sugar and preserves,2003,15.98256497
Fresh and processed potatoes,2003,102.3419827123
"Fresh and processed vegetables, excluding potatoes",2003,177.0997517627
Fresh and processed fruit,2003,162.5728666412
Bread,2003,89.5648734676
Flour,2003,2.4470398667
"Cakes, buns and pastries",2003,57.4599108016
Biscuits and crispbreads,2003,51.3576131432
Other cereals and cereal products,2003,167.0535504544
Beverages,2003,41.1554400049
"Other food and drink (mineral water, baby food, soups, pickles, ice cream, salt, artificial sweeteners, spices, mayonnaise etc.)",2003,118.2638244306
Soft drinks,2003,83.0938368003
Confectionery,2003,81.0969666699
Alcoholic drinks,2003,264.8701955227
Milk and milk products excluding cheese,2004,156.3435131401
Cheese,2004,60.123883895
Carcase meat,2004,113.940319498
Non-carcase meat and meat products,2004,379.8411954545
Fish,2004,99.0235866851
Eggs,2004,18.2079385185
Fats,2004,37.1352940652
Sugar and preserves,2004,17.0526840336
Fresh and processed potatoes,2004,101.8831961275
"Fresh and processed vegetables, excluding potatoes",2004,182.0771247239
Fresh and processed fruit,2004,166.9922520318
Bread,2004,92.6478509779
Flour,2004,2.7657360503
"Cakes, buns and pastries",2004,60.4192838239
Biscuits and crispbreads,2004,53.5013671136
Other cereals and cereal products,2004,166.3786295992
Beverages,2004,41.5900448107
"Other food and drink (mineral water, baby food, soups, pickles, ice cream, salt, artificial sweeteners, spices, mayonnaise etc.)",2004,123.368824537
Soft drinks,2004,81.3980847527
Confectionery,2004,84.2498427542
Alcoholic drinks,2004,265.8388112498
Milk and milk products excluding cheese,2005,164.0004855103
Cheese,2005,63.1813443736
Carcase meat,2005,114.1962023076
Non-carcase meat and meat products,2005,380.6936579118
Fish,2005,104.2664529564
Eggs,2005,19.1160998303
Fats,2005,37.8916070037
Sugar and preserves,2005,16.9785613779
Fresh and processed potatoes,2005,100.6644276722
"Fresh and processed vegetables, excluding potatoes",2005,193.5820683575
Fresh and processed fruit,2005,188.4893033494
Bread,2005,96.731724515
Flour,2005,3.1736120808
"Cakes, buns and pastries",2005,61.207351785
Biscuits and crispbreads,2005,54.3817586734
Other cereals and cereal products,2005,172.7221315538
Beverages,2005,41.0912397216
"Other food and drink (mineral water, baby food, soups, pickles, ice cream, salt, artificial sweeteners, spices, mayonnaise etc.)",2005,124.0469957531
Soft drinks,2005,76.7578948212
Confectionery,2005,77.7920194635
Alcoholic drinks,2005,265.2572979476
Milk and milk products excluding cheese,2006,166.8713061384
Cheese,2006,64.0751380966
Carcase meat,2006,119.9698143086
Non-carcase meat and meat products,2006,384.5552943767
Fish,2006,111.2681804257
Eggs,2006,18.9011315577
Fats,2006,39.6836901632
Sugar and preserves,2006,16.6536485786
Fresh and processed potatoes,2006,103.0050930775
"Fresh and processed vegetables, excluding potatoes",2006,200.1094222277
Fresh and processed fruit,2006,200.7567398753
Bread,2006,102.066321449
Flour,2006,2.8719501795
"Cakes, buns and pastries",2006,60.4247525848
Biscuits and crispbreads,2006,55.589695706
Other cereals and cereal products,2006,177.9849555477
Beverages,2006,41.643682709
"Other food and drink (mineral water, baby food, soups, pickles, ice cream, salt, artificial sweeteners, spices, mayonnaise etc.)",2006,128.0825296537
Soft drinks,2006,80.682453781
Confectionery,2006,79.746915536
Alcoholic drinks,2006,273.3536426256
Milk and milk products excluding cheese,2007,171.1708129797
Cheese,2007,67.6679619187
Carcase meat,2007,121.2943678007
Non-carcase meat and meat products,2007,392.9948216704
Fish,2007,115.5365781677
Eggs,2007,22.5770035058
Fats,2007,41.1140204271
Sugar and preserves,2007,17.2084964849
Fresh and processed potatoes,2007,107.6071126117
"Fresh and processed vegetables, excluding potatoes",2007,209.1554758568
Fresh and processed fruit,2007,202.266133818
Bread,2007,108.051440044
Flour,2007,3.2981220645
"Cakes, buns and pastries",2007,60.4676282417
Biscuits and crispbreads,2007,55.6282596617
Other cereals and cereal products,2007,181.6089349203
Beverages,2007,43.2611788827
"Other food and drink (mineral water, baby food, soups, pickles, ice cream, salt, artificial sweeteners, spices, mayonnaise etc.)",2007,130.423240646
Soft drinks,2007,79.077892145
Confectionery,2007,83.4648335105
Alcoholic drinks,2007,280.953451698
Milk and milk products excluding cheese,2008,186.8603583798
Cheese,2008,70.2565080399
Carcase meat,2008,122.3508740226
Non-carcase meat and meat products,2008,405.8218870451
Fish,2008,115.0958485713
Eggs,2008,26.2629759999
Fats,2008,48.5986040993
Sugar and preserves,2008,18.5346679727
Fresh and processed potatoes,2008,109.4427647493
"Fresh and processed vegetables, excluding potatoes",2008,210.1939637361
Fresh and processed fruit,2008,201.2227222374
Bread,2008,116.9100804674
Flour,2008,4.329236353
"Cakes, buns and pastries",2008,63.1809016157
Biscuits and crispbreads,2008,63.5424058302
Other cereals and cereal products,2008,190.8541466027
Beverages,2008,44.3936487529
"Other food and drink (mineral water, baby food, soups, pickles, ice cream, salt, artificial sweeteners, spices, mayonnaise etc.)",2008,134.9831586889
Soft drinks,2008,80.529448041
Confectionery,2008,86.8997939356
Alcoholic drinks,2008,262.1483341618
Milk and milk products excluding cheese,2009,200.1275265944
Cheese,2009,74.790328987
Carcase meat,2009,126.5997460164
Non-carcase meat and meat products,2009,422.8751293281
Fish,2009,116.8633743819
Eggs,2009,26.9201543945
Fats,2009,46.9675659567
Sugar and preserves,2009,19.634729837
Fresh and processed potatoes,2009,110.6777470253
"Fresh and processed vegetables, excluding potatoes",2009,218.2608399296
Fresh and processed fruit,2009,200.477882269
Bread,2009,117.6982115742
Flour,2009,3.8526320682
"Cakes, buns and pastries",2009,64.0792579234
Biscuits and crispbreads,2009,65.8553626948
Other cereals and cereal products,2009,200.9879912081
Beverages,2009,48.0342187208
"Other food and drink (mineral water, baby food, soups, pickles, ice cream, salt, artificial sweeteners, spices, mayonnaise etc.)",2009,143.9110810575
Soft drinks,2009,84.7910524661
Confectionery,2009,92.6810909631
Alcoholic drinks,2009,288.8051992441
Milk and milk products excluding cheese,2010,188.935556463
Cheese,2010,78.8629930862
Carcase meat,2010,130.4523902339
Non-carcase meat and meat products,2010,441.1920738518
Fish,2010,116.7494254734
Eggs,2010,28.1487362042
Fats,2010,49.5223291327
Sugar and preserves,2010,21.2902406544
Fresh and processed potatoes,2010,112.8568859806
"Fresh and processed vegetables, excluding potatoes",2010,230.0140725453
Fresh and processed fruit,2010,210.9119124881
Bread,2010,116.4061416789
Flour,2010,3.9872721519
"Cakes, buns and pastries",2010,62.6659102575
Biscuits and crispbreads,2010,67.0929152434
Other cereals and cereal products,2010,211.3421321383
Beverages,2010,50.5764215109
"Other food and drink (mineral water, baby food, soups, pickles, ice cream, salt, artificial sweeteners, spices, mayonnaise etc.)",2010,143.8625114194
Soft drinks,2010,89.456409032
Confectionery,2010,95.8198466899
Alcoholic drinks,2010,307.3307007475
Milk and milk products excluding cheese,2011,186.7102296308
Cheese,2011,80.3357284967
Carcase meat,2011,128.70047759
Non-carcase meat and meat products,2011,448.8645502986
Fish,2011,120.4921916501
Eggs,2011,28.027157649
Fats,2011,53.131422384
Sugar and preserves,2011,21.2635900104
Fresh and processed potatoes,2011,116.1949984284
"Fresh and processed vegetables, excluding potatoes",2011,227.1375730658
Fresh and processed fruit,2011,215.0251257466
Bread,2011,118.6060281512
Flour,2011,5.5256428339
"Cakes, buns and pastries",2011,64.3102291253
Biscuits and crispbreads,2011,71.3377403108
Other cereals and cereal products,2011,214.0359741203
Beverages,2011,50.5733165458
"Other food and drink (mineral water, baby food, soups, pickles, ice cream, salt, artificial sweeteners, spices, mayonnaise etc.)",2011,148.2882139066
Soft drinks,2011,92.7152536928
Confectionery,2011,100.6069216099
Alcoholic drinks,2011,307.5712187307
Milk and milk products excluding cheese,2012,188.1974273764
Cheese,2012,80.5728982463
Carcase meat,2012,135.7520894685
Non-carcase meat and meat products,2012,470.5219272893
Fish,2012,123.7652338058
Eggs,2012,30.2494211716
Fats,2012,55.0761620593
Sugar and preserves,2012,22.7673152229
Fresh and processed potatoes,2012,121.2765763232
"Fresh and processed vegetables, excluding potatoes",2012,236.3225212058
Fresh and processed fruit,2012,223.9613485606
Bread,2012,123.2204173773
Flour,2012,5.3824573291
"Cakes, buns and pastries",2012,69.5636160955
Biscuits and crispbreads,2012,74.46497112
Other cereals and cereal products,2012,224.5562182474
Beverages,2012,55.5922951568
"Other food and drink (mineral water, baby food, soups, pickles, ice cream, salt, artificial sweeteners, spices, mayonnaise etc.)",2012,158.8188371736
Soft drinks,2012,96.107261509
Confectionery,2012,101.9234900585
Alcoholic drinks,2012,330.434013503
Milk and milk products excluding cheese,2013,186.764018477
Cheese,2013,85.008254133
Carcase meat,2013,136.4888698463
Non-carcase meat and meat products,2013,484.0529118786
Fish,2013,129.1561344288
Eggs,2013,31.3305371205
Fats,2013,54.7365040065
Sugar and preserves,2013,22.6490721303
Fresh and processed potatoes,2013,129.3243867735
"Fresh and processed vegetables, excluding potatoes",2013,245.4254142117
Fresh and processed fruit,2013,230.3181532917
Bread,2013,126.9931586689
Flour,2013,4.952766252
"Cakes, buns and pastries",2013,68.9009485355
Biscuits and crispbreads,2013,76.0904366
Other cereals and cereal products,2013,229.4467688588
Beverages,2013,54.3395427852
"Other food and drink (mineral water, baby food, soups, pickles, ice cream, salt, artificial sweeteners, spices, mayonnaise etc.)",2013,162.2128909089
Soft drinks,2013,99.9064391419
Confectionery,2013,104.1828295352
Alcoholic drinks,2013,324.0930538111
